[
{"date_posted": "Thursday, 6 July, 2023", "image_url": "https://www.ft.com/content/f3d9f74e-df3d-4ec5-b3ae-04746c4bdde7", "is_special": true, "published_by": "FT Business School Insights", "title": "ESG investment returns face a slowdown", "description": "The factors driving the outperformance of green stocks are changing, prize-winning professors argue"},
{"date_posted": "Wednesday, 3 May, 2023", "image_url": "https://www.ft.com/content/b8ec1997-67d0-42a7-a7bb-ff8e2dd02a90", "is_special": false, "published_by": "Anjana Ahuja", "title": "Turning whales into carbon-based assets won’t be easy", "description": "We have allowed the natural capital on which we all depend to be depreciated off the books"},
{"date_posted": "Friday, 21 April, 2023", "image_url": "https://www.ft.com/content/d53e4de1-bf87-4424-a3cd-8ad03680bbdb", "is_special": false, "published_by": "ESG investing", "title": "Climate penalties to be built in to more debt issuances", "description": "Sovereign issuers plan ‘sustainability-linked bonds’ as a way of trying to woo ethical investors"},
{"date_posted": "Monday, 17 April, 2023", "image_url": "https://www.ft.com/content/e8d0976e-e67e-46bb-89d3-9ae7efe99ec8", "is_special": true, "published_by": "FTfm: Fixed Income", "title": "New standards keep the greenwash off green bonds", "description": "European Union aims to define what counts as sustainable debt finance and bring in independent reviewers"},
{"date_posted": "Monday, 20 March, 2023", "image_url": "https://www.ft.com/content/c67ea3a2-0560-4df7-a3c8-f5d5a08e855c", "is_special": false, "published_by": "Moral Money", "title": "The green goose that ‘laid a golden egg’ Premium content", "description": "Also in today’s newsletter, in first interview as chief executive Mars boss warns companies against fleeing ESG issues "},
{"date_posted": "Wednesday, 1 March, 2023", "image_url": "https://www.ft.com/content/560f0634-63fd-4f87-a66b-8d74d518f5b6", "is_special": false, "published_by": null, "title": "Brussels clamps down on ‘greenwashing’ in bond market", "description": "New rules could sharply reduce the volume of bonds that qualify for a green label, say analysts"},
{"date_posted": "Tuesday, 14 February, 2023", "image_url": "https://www.ft.com/content/309a703a-3a5f-420e-afea-38a142a2f21a", "is_special": false, "published_by": null, "title": "Sustainability bond market stumbles as investors get picky", "description": "Issuance of debt that aims to hold companies to climate pledges has fallen amid ‘greenwashing’ concerns"},
{"date_posted": "Wednesday, 25 January, 2023", "image_url": "https://www.ft.com/content/381068de-9fe2-425a-a6ca-c59cd8acc522", "is_special": false, "published_by": "Capital markets", "title": "India raises $1bn from maiden green bond sale", "description": "Debt earmarked for environmental projects achieves lower borrowing cost than conventional bonds"},
{"date_posted": "Monday, 2 January, 2023", "image_url": "https://www.ft.com/content/915d12e7-1ff4-48c3-87c2-76b2904d03ce", "is_special": false, "published_by": null, "title": "Green bonds: the disappearing greenium is a welcome development Premium content", "description": "Longer term, the bonds will cease to exist as a separate asset class"},
{"date_posted": "Tuesday, 22 November, 2022", "image_url": "https://www.ft.com/content/3655eb18-4c54-4472-970f-cd571b76f8bc", "is_special": false, "published_by": "ESG investing", "title": "EU fund managers: ESG funds confused by 50 shades of green Premium content", "description": "Sustainable investing is complex and it is not yet clear what counts"},
{"date_posted": "Tuesday, 8 November, 2022", "image_url": "https://www.ft.com/content/78565764-5ada-419e-a55f-c617319a9105", "is_special": false, "published_by": "Sembcorp Industries Ltd", "title": "Sembcorp coal deal raises concerns about distortions in green bonds", "description": "Energy provider to avoid rise in interest payments on sustainability linked debt but will continue to finance the Indian assets"},
{"date_posted": "Monday, 7 November, 2022", "image_url": "https://www.ft.com/content/7afaf911-5a10-4ea2-82c4-7827cefd75d6", "is_special": false, "published_by": "Moral Money", "title": "‘Loss and damage’ is the hot debate at COP27 Premium content", "description": "Plus, the green bond market is doing better than you might think"},
{"date_posted": "Friday, 14 October, 2022", "image_url": "https://www.ft.com/content/41d65b8f-369e-4774-8111-2159cfe28115", "is_special": false, "published_by": "Alice Ross", "title": "Green gilts are under a shadow", "description": "Options for bond buyers with an ESG twist"},
{"date_posted": "Tuesday, 20 September, 2022", "image_url": "https://www.ft.com/ftfm/responsible-investing", "is_special": false, "published_by": "Special Report", "title": "FTfm: Responsible Investing", "description": "Investors are realising that loss of biodiversity is as serious as climate change. Plus: activists see executive pay as tool to bring about change; asset funds warned of greenwashing; carbon credits being questioned as tool for net-zero goals; turmoil prompts supply chain audit"},
{"date_posted": "Monday, 18 July, 2022", "image_url": "https://www.ft.com/content/32dbf37c-8ff5-436b-88f3-9873fc864a7b", "is_special": true, "published_by": "Sustainable Finance", "title": "Rising green bond issuance erodes premiums", "description": "But tighter sustainability rules may give the ‘greenium’ a new lease of life  "},
{"date_posted": "Thursday, 24 March, 2022", "image_url": "https://www.ft.com/content/d8d25f83-a1e7-4246-88cc-59a665a0e43c", "is_special": false, "published_by": "Banking & Savings", "title": "UK green savings bond sales ‘underwhelming’", "description": "Critics question the environmental merits of the scheme"},
{"date_posted": "Monday, 21 March, 2022", "image_url": "https://www.ft.com/content/178449a7-8897-4359-b23a-e85524c3e227", "is_special": false, "published_by": "FTfm", "title": "Fears rise over ‘greenwash’ bonds", "description": "Market participants in the environmental lending market want assurances on standards"},
{"date_posted": "Tuesday, 15 February, 2022", "image_url": "https://www.ft.com/content/d64e1f7b-c635-47da-8e28-4b6004f7260b", "is_special": false, "published_by": "Climate change", "title": "Green savings bond interest rates doubled following demand fears", "description": "Analysts cautious about take-up of key climate-friendly funding measure"},
{"date_posted": "Wednesday, 5 January, 2022", "image_url": "https://www.ft.com/content/14343973-a997-4397-9c3f-922c16e95f12", "is_special": false, "published_by": "Moral Money", "title": "Eight essential ESG topics for 2022 ", "description": "The sustainability fight has rarely been more important, nor more uncertain"},
{"date_posted": "Wednesday, 8 December, 2021", "image_url": "https://www.ft.com/content/0ed3e50f-5de9-473e-9654-8534739cd785", "is_special": false, "published_by": "Moral Money", "title": "Walmart steps in to tackle supply chain emissions Premium content", "description": "Plus, the debate around EU’s green bond standards and fossil fuel plants’ impact on property values"},
{"date_posted": "Monday, 29 November, 2021", "image_url": "https://www.ft.com/content/24e9dc55-4b61-41dc-a530-ab549763d5cb", "is_special": false, "published_by": null, "title": "In charts: Green and sustainability bonds ", "description": "Issuance of sustainability-linked securities has risen fastest, but conventional green bonds are still the most popular"},
{"date_posted": "Monday, 29 November, 2021", "image_url": "https://www.ft.com/content/d797800b-fb07-40c7-8386-a22de312cd35", "is_special": false, "published_by": null, "title": "Green bonds face new questions over authenticity ", "description": "Debt issuers are pushing the boundaries of what is ‘sustainable’ as the label can cut costs"},
{"date_posted": "Tuesday, 16 November, 2021", "image_url": "https://www.ft.com/content/89fbcd50-8eac-4092-a24d-ae863c051058", "is_special": false, "published_by": null, "title": "Investors scrutinise green claims in $80bn sustainability bond market", "description": "‘Tremendous promise’ tempered by small penalties for failure to hit ESG targets"},
{"date_posted": "Wednesday, 3 November, 2021", "image_url": "https://www.ft.com/content/89936a88-ce1e-4fa4-8b12-794b59e24ddf", "is_special": false, "published_by": "Cat Rutter Pooley", "title": "The City’s long road to going green", "description": "Diminishing ambition reflects the challenge in becoming a world centre for green finance"},
{"date_posted": "Wednesday, 3 November, 2021", "image_url": "https://www.ft.com/content/f8e4af63-e793-4ce1-89c8-44af2b74ca55", "is_special": false, "published_by": "COP26", "title": "COP26 Day Three: BlackRock’s Fink says climate pressure on public companies ‘biggest arbitrage in my lifetime’", "description": null},
{"date_posted": "Wednesday, 3 November, 2021", "image_url": "https://www.ft.com/content/90d1cfc7-566d-4735-91d1-8747c21f5725", "is_special": false, "published_by": "Corporate bonds", "title": "Investors question green tint of Teva’s $5bn sustainability bond", "description": "Pharmaceutical group raises record debt with social and environmental strings attached"},
{"date_posted": "Monday, 1 November, 2021", "image_url": "https://www.ft.com/content/8ffa30d2-19fd-400a-ad36-40e1a4b64f14", "is_special": false, "published_by": "Climate change", "title": "Funding is key to helping polluters go green", "description": "Transition bonds can drive transformation of culprit industries but are often hampered by fear of reputational risk"},
{"date_posted": "Thursday, 21 October, 2021", "image_url": "https://www.ft.com/content/55b4b9a2-8054-42a0-a1c1-1867d36b9413", "is_special": false, "published_by": "Banking & Savings", "title": "UK’s first green savings bond offers lower rate than competitors", "description": "Just 0.65 per cent on government-backed savings scheme"},
{"date_posted": "Tuesday, 12 October, 2021", "image_url": "https://www.ft.com/content/18039150-3048-4f67-9ece-9243fac969d1", "is_special": false, "published_by": null, "title": "EU launches largest-ever green bond ", "description": "Brussels’ €12bn sale narrowly exceeds UK’s £10bn debut in September"},
{"date_posted": "Monday, 11 October, 2021", "image_url": "https://www.ft.com/content/ecbed322-1709-4ed6-9f7f-d974f6e181da", "is_special": false, "published_by": "FTfm", "title": "Squeeze on ‘greenium’ as ESG bond investors demand more value", "description": "The market in sustainable debt is growing but issuers are being challenged on margins"},
{"date_posted": "Friday, 24 September, 2021", "image_url": "https://www.ft.com/content/35753408-c7cf-47d8-bd8b-834c710ad3ff", "is_special": false, "published_by": null, "title": "UK’s green gilt success points to pricing dilemma for retail version", "description": "Government’s decision on interest rate will involve tricky trade-off between public purse and savers’ pockets"},
{"date_posted": "Tuesday, 21 September, 2021", "image_url": "https://www.ft.com/content/94d604a9-50b9-49f1-b377-a7b6e4083d01", "is_special": false, "published_by": null, "title": "UK’s debut ‘green gilt’ sale draws blockbuster demand", "description": "Investors place £100bn of bids for 12-year government debt"},
{"date_posted": "Wednesday, 8 September, 2021", "image_url": null, "is_special": false, "published_by": "Moral Money", "title": "How must boards change to tackle the climate crisis? Premium content", "description": "Plus, bumps in the road for the FCA’s climate disclosure agenda and Allbirds’ ‘sustainable’ IPO "},
{"date_posted": "Tuesday, 7 September, 2021", "image_url": "https://www.ft.com/content/13493c52-47c1-465c-8d33-d5c3358df7ae", "is_special": false, "published_by": null, "title": "Brussels to issue ‘Covid green bonds’ as part of pandemic recovery effort", "description": "EU wants to become world’s biggest issuer of environmentally friendly debt"},
{"date_posted": "Tuesday, 7 September, 2021", "image_url": "https://www.ft.com/content/d3b8a679-18ea-4cba-b99e-1c0b066246ac", "is_special": false, "published_by": null, "title": "Green bonds: record sales push sustainable investment forward  Premium content", "description": "This year’s worldwide issuance — in all categories — has topped $200bn"},
{"date_posted": "Tuesday, 13 July, 2021", "image_url": "https://www.ft.com/content/450b594a-c803-4f19-af67-71f6633b9cfd", "is_special": true, "published_by": "Sustainable Food and Agriculture", "title": "Food industry shows growing appetite for green finance", "description": "New issuance standards are helping drive a surge in sustainability-linked loans"},
{"date_posted": "Wednesday, 7 July, 2021", "image_url": "https://www.ft.com/content/61f2bdd6-78b6-4f43-8e4c-a7b4ffa13a68", "is_special": false, "published_by": "Moral Money", "title": "Green bonds soar past analysts’ lofty expectations  Premium content", "description": "Plus, cleaning up dirty nappies, the cost of uncoupling solar panels from Xinjiang, and investment industry reaches a net-zero ‘tipping point’"},
{"date_posted": "Friday, 25 June, 2021", "image_url": "https://www.ft.com/content/af62e245-a136-40c1-b53d-89795b507d45", "is_special": false, "published_by": "ESG investing", "title": "Investors pile $54bn in to ESG bond funds in fiery start to 2021", "description": "Inflows on track to surpass last year’s record despite growing concerns over ‘greenwashing’"},
{"date_posted": "Monday, 7 June, 2021", "image_url": "https://www.ft.com/content/86468d56-00c8-4f3a-b128-8b2e8922a93e", "is_special": false, "published_by": "John Plender", "title": "Central banks’ action on climate change raises mission creep concerns", "description": "A focus on the transition to net zero could distract them from their core objectives "},
{"date_posted": "Monday, 24 May, 2021", "image_url": "https://www.ft.com/content/8b3c09cc-9ac1-4b6b-841d-63e226ea287a", "is_special": false, "published_by": "FTfm", "title": "How sustainability bonds bridged the vaccine funding gap for poorer nations", "description": "Budgetary pressure on donor countries has required innovative financing to speed up treatment rollouts"},
{"date_posted": "Tuesday, 11 May, 2021", "image_url": "https://www.ft.com/content/0401d695-b8d4-4258-b96c-1a80ab81c76a", "is_special": false, "published_by": "ESG investing", "title": "AIIB touts ESG bond framework to simplify verification process", "description": "Campaign groups criticise Beijing-based development bank for oversight of its investments"},
{"date_posted": "Sunday, 2 May, 2021", "image_url": "https://www.ft.com/content/e1d37f89-9cb6-48f6-8930-8c464c272adf", "is_special": false, "published_by": "Climate Capital", "title": "Investors urge Brazil to use green bonds to save the Amazon", "description": "Move seen as an untapped option that could satisfy Brazil’s need for capital to halt surging deforestation "},
{"date_posted": "Friday, 23 April, 2021", "image_url": "https://www.ft.com/content/3ea3e9f6-1c18-42c7-9912-c51efed3f721", "is_special": false, "published_by": "Climate change", "title": "Climate summit as it happened: Biden caps event with green jobs and co-operation message", "description": "Focus on the US economic agenda behind carbon pledges during second round of presentations "},
{"date_posted": "Sunday, 18 April, 2021", "image_url": "https://www.ft.com/content/0efef7ec-4fbb-47d0-9776-65b018dea172", "is_special": false, "published_by": "ESG investing", "title": "EU split over delay to decision on classing gas as green investment", "description": "Brussels impasse over whether fuel should be classified as partially sustainable"},
{"date_posted": "Friday, 9 April, 2021", "image_url": "https://www.ft.com/content/4ee8a964-7f85-4f80-90bf-38780d5ba8e7", "is_special": false, "published_by": "Climate Capital", "title": "Borrowers tap hot ESG demand to sell green bonds at a premium", "description": "Some investors worry the ‘greenium’ is a sign of mispriced credit risks"},
{"date_posted": "Monday, 5 April, 2021", "image_url": "https://www.ft.com/content/1cbbb6d5-1676-43dd-a1cb-232f92ebb876", "is_special": false, "published_by": "The editorial board", "title": "Central banks should turn green", "description": "Climate is a risk to financial stability; more radical measures need democratic approval"},
{"date_posted": "Monday, 29 March, 2021", "image_url": "https://www.ft.com/content/9a6bc55c-9ac5-4914-9ceb-b983e56d0ae2", "is_special": false, "published_by": "Oil & Gas industry", "title": "New Fortress gas deal raises clean energy yellow card", "description": "Bond issue to fund takeover of fossil fuel assets criticised for environmental claims"},
{"date_posted": "Monday, 29 March, 2021", "image_url": "https://www.ft.com/content/25f1069f-7eba-4349-9bb0-25f2cd4e9c2e", "is_special": true, "published_by": "FTfm: Real Assets", "title": "Webinar: Finding ESG value in real assets ", "description": "Experts discuss the challenges with a senior FT journalist, from “greenwashing” to measuring impact "},
{"date_posted": "Friday, 12 March, 2021", "image_url": "https://www.ft.com/content/b738ed74-b9eb-4364-823d-74258e5f9269", "is_special": false, "published_by": "The editorial board", "title": "Green investors need to hold companies to account", "description": "Savings products promising to make it easy to be green still require scrutiny"},
{"date_posted": "Friday, 12 March, 2021", "image_url": "https://www.ft.com/content/d7fa935a-a2d5-4d8d-bee5-77a92bce5e2c", "is_special": false, "published_by": "Impact investing", "title": "Europe’s first sustainable junk bond draws scrutiny over green impact", "description": "Greece’s main power company raised €650m in a deal that attracted strong investor demand"},
{"date_posted": "Wednesday, 3 March, 2021", "image_url": "https://www.ft.com/content/2b1d7d2f-2755-474b-8696-2607de4366d4", "is_special": false, "published_by": "European companies", "title": "Italy raises €8.5bn in Europe’s biggest-ever green bond debut", "description": "Offering drew in around €80bn of orders in sign of robust demand for country’s debt"},
{"date_posted": "Wednesday, 3 March, 2021", "image_url": "https://www.ft.com/content/f436d69b-2bf0-48cd-bb34-644856fba17f", "is_special": false, "published_by": "Bank of England", "title": "Bank of England given new mandate to buy ‘green’ bonds ", "description": "Government makes environmental and climate goals an explicit part of monetary policy"},
{"date_posted": "Wednesday, 3 March, 2021", "image_url": "https://www.ft.com/content/2e519649-0687-44da-9848-a3ac108b1730", "is_special": false, "published_by": "Impact investing", "title": "‘Devil in detail’ in green bonds plan", "description": "UK follows European governments in launching funding for environmental projects — but few details emerge "},
{"date_posted": "Wednesday, 3 March, 2021", "image_url": "https://www.ft.com/content/61195ec8-2488-4f6d-9806-efaaecc6c2b5", "is_special": false, "published_by": "UK Budget", "title": "UK plans one of Europe’s biggest green bond issuance programmes", "description": "Government to sell £15bn of green gilts this year and proposes heavier borrowing than projected"},
{"date_posted": "Wednesday, 3 March, 2021", "image_url": "https://www.ft.com/content/316ab812-4be8-4288-85c2-bb6948da12df", "is_special": false, "published_by": "Climate change", "title": "The Old Lady turns green ", "description": "The Bank of England becomes the first major central bank to commit to offloading brown assets"},
{"date_posted": "Wednesday, 3 March, 2021", "image_url": "https://www.ft.com/content/2f382b46-2276-44d8-b0a9-f47b4bdc8cd0", "is_special": false, "published_by": "Moral Money", "title": "Biden’s SEC pick signals change of course on ESG rules Premium content", "description": "Plus: why ‘net zero’ isn’t enough, the need for more ambitious corporate climate plans, and Asia gets litigious"},
{"date_posted": "Sunday, 28 February, 2021", "image_url": "https://www.ft.com/content/09587e4f-16c3-41bb-8df8-bcb8100fda94", "is_special": false, "published_by": null, "title": "UK to launch first green savings bond to boost climate credentials", "description": "Move to issue bonds to back clean energy projects comes ahead of UN summit "},
{"date_posted": "Saturday, 16 January, 2021", "image_url": "https://www.ft.com/content/0c4c9fe9-942e-4325-85cf-8b3b2cfa46ce", "is_special": false, "published_by": "Climate change", "title": "Climate graphic of the week: the Great Green Wall scales up", "description": "New funding of more than $14bn pledged for planting across almost a dozen countries in region bordering Sahara"},
{"date_posted": "Monday, 4 January, 2021", "image_url": "https://www.ft.com/content/021329aa-b0bd-4183-8559-0f3260b73d62", "is_special": false, "published_by": "ESG investing", "title": "Analysts expect as much as $500bn of green bonds in bumper 2021", "description": "Borrowing for the EU’s Covid recovery fund expected to feed momentum "},
{"date_posted": "Tuesday, 15 December, 2020", "image_url": "https://www.ft.com/content/008a12d2-7736-4db0-af9c-e063a0bcdd7a", "is_special": false, "published_by": "Central banks", "title": "Fed joins central bankers backing Paris climate goals", "description": "Banks grapple with question of whether to use vast bond-buying programmes to combat climate risks"},
{"date_posted": "Tuesday, 1 December, 2020", "image_url": "https://www.ft.com/content/b5d270f2-7ff7-4852-99a7-09816967e7de", "is_special": false, "published_by": null, "title": "Johnson faces uphill battle to make UK global green finance hub", "description": "Analysts are optimistic on London’s green bond market even as it trails behind EU"},
{"date_posted": "Tuesday, 24 November, 2020", "image_url": "https://www.ft.com/content/04c23394-292d-4dcd-9472-2c59f95e3ff3", "is_special": false, "published_by": "Tommy Stubbington", "title": "Sunak should be wary of tokenism with green gilts", "description": "Popularity of similar investments does not necessarily make them a good idea"},
{"date_posted": "Tuesday, 10 November, 2020", "image_url": "https://www.ft.com/content/35dcf7fd-949e-4ed1-9004-35db29859dfb", "is_special": false, "published_by": "The editorial board", "title": "Green gilts can help to build a low-carbon future", "description": "Move can boost environmentally-friendly finance market but UK government must do more"},
{"date_posted": "Wednesday, 28 October, 2020", "image_url": "https://www.ft.com/content/1bcbad16-f69e-47db-82fa-0419d674bb53", "is_special": false, "published_by": null, "title": "Investors probe ESG credentials of bond sellers on ‘greenwashing’ fears", "description": "Booming green debt market stokes concern over issuers’ environmental and social bona fides"},
{"date_posted": "Monday, 19 October, 2020", "image_url": "https://www.ft.com/content/38130bf9-2bcc-494e-9b71-889d517edc7a", "is_special": false, "published_by": "Europe Express", "title": "Is Brussels green bond washing?", "description": "European Commission’s plan to become world’s largest issuer of sustainable debt raises questions"},
{"date_posted": "Monday, 28 September, 2020", "image_url": "https://www.ft.com/content/3a4dde53-cf88-4f03-ab9a-83bf093715ed", "is_special": false, "published_by": "Xavier Baraton", "title": "Opinion: Going green on bonds is best way to change behaviours", "description": "True investing happens when stocks and bonds are issued - when maximum leverage can be applied"},
{"date_posted": "Wednesday, 16 September, 2020", "image_url": "https://www.ft.com/content/1b5cac79-2bf9-41b2-a683-963d5cf76d8a", "is_special": false, "published_by": "Kate Burgess", "title": "Burberry’s sustainability bond is a UK trendsetter", "description": "Green is the season’s colour for fashion; Loungers’ regional exposure helps sales; Rough diamonds for miner Petra"},
{"date_posted": "Tuesday, 15 September, 2020", "image_url": "https://www.ft.com/content/b406c9ce-8673-498e-bdf4-ffd139a14e66", "is_special": true, "published_by": "Luxembourg as a Financial Centre", "title": "Luxembourg post-pandemic stimulus ‘should be sustainable’ ", "description": "Grand Duchy focuses on public-private initiatives to push its green agenda "},
{"date_posted": "Sunday, 13 September, 2020", "image_url": "https://www.ft.com/content/7a893f6d-08c9-426c-8f19-aa19d434b018", "is_special": false, "published_by": null, "title": "EU explores green bonds as part of €750bn borrowing spree", "description": "Commission considers selling environmentally-labelled debt to raise Covid-19 recovery cash"},
{"date_posted": "Wednesday, 9 September, 2020", "image_url": "https://www.ft.com/content/5fad84d8-45ee-42c4-af8e-109cc197f87f", "is_special": false, "published_by": "Sustainability", "title": "Climate crisis helps burnish Austria’s green credentials", "description": "Global sustainability drive thrusts expertise into the limelight"},
{"date_posted": "Friday, 4 September, 2020", "image_url": "https://www.ft.com/content/403af87a-6e03-4f1e-ac07-e768058f9b03", "is_special": false, "published_by": "ESG investing", "title": "Suzano spearheads EM bond issuance link to carbon emissions targets", "description": "Brazilian pulp and paper company promises ‘skin in the game’ after busy week for green debt"},
{"date_posted": "Wednesday, 2 September, 2020", "image_url": "https://www.ft.com/content/39bd3613-2843-459c-bd6b-c625b6843fef", "is_special": false, "published_by": null, "title": "Investors pounce on Germany’s first green bond sale", "description": "Bundesbank official says move is fostering change, but others see a branding exercise"},
{"date_posted": "Wednesday, 2 September, 2020", "image_url": "https://www.ft.com/content/b5760608-4291-4f3a-b1bd-12ab41ad5d6f", "is_special": false, "published_by": "ESG investing", "title": "German bonds: a green yield development Premium content", "description": "The EU has a clear climate change agenda and needs to match those fine words with financings"},
{"date_posted": "Wednesday, 2 September, 2020", "image_url": "https://www.ft.com/video/00b38929-c021-4176-8842-1846e3be3674", "is_special": false, "published_by": "Carbon footprint", "title": "What’s the real carbon footprint of your food?", "description": "Measuring a food’s true carbon emissions is becoming easier "},
{"date_posted": "Thursday, 27 August, 2020", "image_url": "https://www.ft.com/content/50adbbc0-aaac-4564-8e5c-30707921e614", "is_special": false, "published_by": null, "title": "Germany aims to raise up to €6bn in first green bond sale", "description": "Issuance of 10-year debt is expected to eventually establish new sector benchmark "},
{"date_posted": "Monday, 17 August, 2020", "image_url": "https://www.ft.com/content/6102f537-dec1-4406-847d-b8d5ab4f5dad", "is_special": false, "published_by": "ESG investing", "title": "Covid-19 bonds drive ‘sustainable’ debt as green issuance fades", "description": "Market for ESG bonds heads for record size this year despite slower momentum for green debt"},
{"date_posted": "Wednesday, 8 July, 2020", "image_url": "https://www.ft.com/content/447a6e9f-b06a-4552-bcdc-6d059f543eab", "is_special": false, "published_by": null, "title": "Spain’s BBVA breaks ground by issuing risky ‘green’ debt ", "description": "Analysts question environmental credentials of €1bn bond issue"},
{"date_posted": "Saturday, 4 July, 2020", "image_url": "https://www.ft.com/content/bd0f4705-36fa-4e74-8018-ca1f50771835", "is_special": false, "published_by": null, "title": "Grieg Seafood takes aim at Cargill through $105m green bond", "description": "Norwegian salmon producer pledges to exclude US grains trader over deforestation claims"},
{"date_posted": "Tuesday, 30 June, 2020", "image_url": "https://www.ft.com/content/d35d1abc-0a4e-4e09-a776-154a469ef8de", "is_special": false, "published_by": "Corporate bonds", "title": "Rise in Covid-19 bond issuance fans fears over ‘social washing’", "description": "Some issuers have been too vague on how proceeds will be used, say analysts"},
{"date_posted": "Friday, 5 June, 2020", "image_url": "https://www.ft.com/reports/china-green-finance", "is_special": false, "published_by": "Special Report", "title": "China Green Finance", "description": "China’s green bond market is becoming too big for international investors to ignore, but questions remain over standards and disclosure. Can China take meaningful steps towards aligning itself with global green finance guidelines?"},
{"date_posted": "Friday, 5 June, 2020", "image_url": "https://www.ft.com/content/d7c88a74-9052-11ea-bc44-dbf6756c871a", "is_special": true, "published_by": "China Green Finance", "title": "Going for green: Beijing’s 2022 Winter Olympics", "description": "Games offer China an opportunity to showcase sporting prowess and environmental credentials"},
{"date_posted": "Friday, 5 June, 2020", "image_url": "https://www.ft.com/content/28c6b076-8eab-11ea-af59-5283fc4c0cb0", "is_special": true, "published_by": "China Green Finance", "title": "Global investors prepare to brave China’s green bond minefield", "description": "Growth of Chinese market becomes hard to ignore as standards begin to improve"},
{"date_posted": "Friday, 29 May, 2020", "image_url": "https://www.ft.com/content/253f969c-37e0-42cd-9cdf-e06a5262fffe", "is_special": false, "published_by": null, "title": "China to stop green bond financing for ‘clean coal’ projects", "description": "Landmark move could help convince foreign investors to play a bigger role in sustainable debt market"},
{"date_posted": "Friday, 15 May, 2020", "image_url": "https://www.ft.com/content/03dbe400-1bea-4475-bda7-2fbc1d9ce062", "is_special": false, "published_by": "Impact investing", "title": "Fund managers pile into $65bn Covid-19 bond market", "description": "Companies and governments rush to issue debt to help ease the effects of the pandemic"},
{"date_posted": "Wednesday, 26 February, 2020", "image_url": "https://www.ft.com/content/cad307d6-583a-11ea-a528-dd0f971febbc", "is_special": false, "published_by": "Moral Money", "title": "JPMorgan climate pledge flops; opportunity zones; the world’s most controversial company", "description": "Your guide to the investment and business revolution you can’t afford to ignore   "},
{"date_posted": "Friday, 21 February, 2020", "image_url": "https://www.ft.com/content/4fc0e85c-5438-11ea-8841-482eed0038b1", "is_special": false, "published_by": "Moral Money", "title": "What you probably missed in the Democratic debate; green seeds in China", "description": "Your guide to the investment and business revolution you can’t afford to ignore   "},
{"date_posted": "Monday, 17 February, 2020", "image_url": null, "is_special": false, "published_by": "Charts that Matter", "title": "North America and Asia fail to keep pace in green bond boom", "description": "European issuers account for nearly half of the market"},
{"date_posted": "Wednesday, 12 February, 2020", "image_url": "https://www.ft.com/content/304ef3ea-4d2d-11ea-95a0-43d18ec715f5", "is_special": false, "published_by": "Moral Money", "title": "Moral Money: Harvard climate debate escalates; Finns back BlackRock; JPMorgan board battle", "description": "Your guide to the investment and business revolution you can’t afford to ignore   "},
{"date_posted": "Friday, 7 February, 2020", "image_url": "https://www.ft.com/content/dbda1474-493b-11ea-aeb3-955839e06441", "is_special": false, "published_by": "Moral Money", "title": "Airbnb pumps up ‘stakeholder’ street cred before IPO; Trump touts trees", "description": "Your guide to the investment and business revolution you can’t afford to ignore   "},
{"date_posted": "Wednesday, 5 February, 2020", "image_url": "https://www.ft.com/content/bbed799c-47a3-11ea-aeb3-955839e06441", "is_special": false, "published_by": "Moral Money", "title": "Moral Money: Trouble for Toyota; Australia’s missing carbon price", "description": "Your guide to the investment and business revolution you can’t afford to ignore "},
{"date_posted": "Friday, 31 January, 2020", "image_url": "https://www.ft.com/content/055b35fc-43c0-11ea-a43a-c4b328d9061c", "is_special": false, "published_by": "Moral Money", "title": "Moral Money: Fed pivots on green banking; tackling climate’s passive problem", "description": "Your guide to the investment and business revolution you can’t afford to ignore "},
{"date_posted": "Wednesday, 29 January, 2020", "image_url": "https://www.ft.com/content/3b3e6388-423f-11ea-bdb5-169ba7be433d", "is_special": false, "published_by": "Moral Money", "title": "Moral Money: Carbon conscious commodities and Denmark’s green bond innovation", "description": "Your guide to the investment and business revolution you can’t afford to ignore   "},
{"date_posted": "Friday, 24 January, 2020", "image_url": "https://www.ft.com/content/6d569412-3e1b-11ea-b232-000f4477fbca", "is_special": false, "published_by": "Moral Money", "title": "Davos Special Edition: What really happened this week?", "description": "Your guide to the investment and business revolution you can’t afford to ignore "},
{"date_posted": "Thursday, 23 January, 2020", "image_url": "https://www.ft.com/content/64f36a6a-3d4f-11ea-a01a-bae547046735", "is_special": false, "published_by": "Moral Money", "title": "Davos Special Edition: Royal assent for carbon tax ", "description": "Your guide to the investment and business revolution you can’t afford to ignore"},
{"date_posted": "Wednesday, 22 January, 2020", "image_url": "https://www.ft.com/content/e9a24e2e-3c79-11ea-b232-000f4477fbca", "is_special": false, "published_by": "Moral Money", "title": "Davos Special Edition: 4tn reasons to care about climate change", "description": "Your guide to the investment and business revolution you can’t afford to ignore"},
{"date_posted": "Tuesday, 21 January, 2020", "image_url": "https://www.ft.com/content/a49c81ae-3c43-11ea-a01a-bae547046735", "is_special": false, "published_by": "Tommy Stubbington", "title": "The inconvenient truth about green gilts", "description": "Environmentally friendly government bonds offer an easy win, but bring fresh problems"},
{"date_posted": "Tuesday, 21 January, 2020", "image_url": "https://www.ft.com/content/6c7ed138-3b7a-11ea-b232-000f4477fbca", "is_special": false, "published_by": "Moral Money", "title": "Moral Money Davos special: Climate change threatens quant funds", "description": "Your guide to the investment and business revolution you can’t afford to ignore "},
{"date_posted": "Monday, 20 January, 2020", "image_url": "https://www.ft.com/content/36e173c0-38b7-4830-b535-971a5e5568c8", "is_special": false, "published_by": null, "title": "Environment bonds: how green is my tally Premium content", "description": "Ecological dividends from green gilts have so far been hazy at best"},
{"date_posted": "Monday, 20 January, 2020", "image_url": "https://www.ft.com/content/f9df2dfc-3ac6-11ea-b232-000f4477fbca", "is_special": false, "published_by": "Moral Money", "title": "Moral Money Special: Davos 2020 day one", "description": "Your guide to the investment and business revolution you can’t afford to ignore "},
{"date_posted": "Monday, 20 January, 2020", "image_url": "https://www.ft.com/content/b0b31764-3932-11ea-a6d3-9a26f8c3cba4", "is_special": false, "published_by": null, "title": "UK bond chief Stheeman expresses doubts on green gilts", "description": "Investors should pay more for this type of sovereign debt, says key official "},
{"date_posted": "Wednesday, 15 January, 2020", "image_url": "https://www.ft.com/content/ae4bc008-373d-11ea-a6d3-9a26f8c3cba4", "is_special": false, "published_by": "Moral Money", "title": "Moral Money: Going deep on BlackRock’s green pledge, Solar funds light up returns", "description": "Your guide to the investment and business revolution you can’t afford to ignore   "},
{"date_posted": "Tuesday, 14 January, 2020", "image_url": "https://www.ft.com/content/0877c170-3636-11ea-a6d3-9a26f8c3cba4", "is_special": false, "published_by": "Moral Money", "title": "Moral Money Special: Klaus Schwab on the WEF’s future", "description": "Your guide to the investment and business revolution you can’t afford to ignore "},
{"date_posted": "Wednesday, 8 January, 2020", "image_url": "https://www.ft.com/content/87d2955a-31a2-11ea-9703-eea0cae3f0de", "is_special": false, "published_by": "Moral Money", "title": "Moral Money: Australia fires threaten GDP growth", "description": "Your guide to the investment and business revolution you can’t afford to ignore   "},
{"date_posted": "Tuesday, 7 January, 2020", "image_url": "https://www.ft.com/content/61631c2c-1a65-11ea-9186-7348c2f183af", "is_special": false, "published_by": "Charts that Matter", "title": "Green bonds set to keep flying off shelves in 2020", "description": "Pace of issuance exceeds expectations, spurred by strong demand from investors"},
{"date_posted": "Saturday, 4 January, 2020", "image_url": "https://www.ft.com/content/ff2b3e88-21b0-11ea-92da-f0c92e957a96", "is_special": false, "published_by": "Impact investing", "title": "The ‘transition’ bonds bridging the gap between green and brown", "description": "Debt is tied to clear targets for carbon-heavy businesses to clean up their acts"},
{"date_posted": "Thursday, 2 January, 2020", "image_url": "https://www.ft.com/content/d52684e0-2c09-11ea-bc77-65e4aa615551", "is_special": false, "published_by": "Moral Money", "title": "Moral Money: 20 things to watch in 2020", "description": "Your guide to the investment and business revolution you can’t afford to ignore   "},
{"date_posted": "Thursday, 19 December, 2019", "image_url": "https://www.ft.com/content/3554fb78-2253-11ea-b8a1-584213ee7b2b", "is_special": false, "published_by": null, "title": "Germany arrives late to green bonds party", "description": "Europe’s benchmark debt issuer plans issuance of debut green bond next year"},
{"date_posted": "Wednesday, 18 December, 2019", "image_url": "https://www.ft.com/content/28a2f77c-2122-11ea-b8a1-584213ee7b2b", "is_special": false, "published_by": "Moral Money", "title": "Moral Money: Ultra-wealthy investors turn up heat on fossil-fuel funders", "description": "Your guide to the investment and business revolution you can’t afford to ignore "},
{"date_posted": "Wednesday, 18 December, 2019", "image_url": "https://www.ft.com/content/6b4a8875-4985-4c14-ad74-3b1885b84380", "is_special": false, "published_by": "Stanislas Jourdan", "title": "Green QE is about more than buying climate-friendly bonds", "description": "A more precise definition of this slogan will help show that many of the criticisms against climate action are invalid."},
{"date_posted": "Thursday, 12 December, 2019", "image_url": "https://www.ft.com/content/e71a387a-1c5c-11ea-97df-cc63de1d73f4", "is_special": false, "published_by": "Moral Money", "title": "Moral Money Special Edition: Hiro Mizuno, Japan’s $1.6tn man", "description": "‘This is a decision between making cash immediately or being better stewards for our constituency’"},
{"date_posted": "Thursday, 12 December, 2019", "image_url": "https://www.ft.com/content/ae872da6-1bfd-11ea-81f0-0c253907d3e0", "is_special": false, "published_by": "Megan Greene", "title": "Central bankers have a limited ability to tackle climate change", "description": "Monetary policymakers should be clear-eyed on what they can and cannot do about it"},
{"date_posted": "Wednesday, 11 December, 2019", "image_url": "https://www.ft.com/content/92c728e6-1ba3-11ea-97df-cc63de1d73f4", "is_special": false, "published_by": "Moral Money", "title": "Moral Money: Al Gore blasts BlackRock, Brussels breakdown, rewild the UK", "description": "‘Do they want to continue to finance the destruction of human civilisation, or not?’"},
{"date_posted": "Wednesday, 4 December, 2019", "image_url": "https://www.ft.com/content/ba846d82-162e-11ea-9ee4-11f260415385", "is_special": false, "published_by": "Moral Money", "title": "Moral Money: Davos boss tells execs to align pay with stakeholder interests", "description": "Your guide to the investment and business revolution you can’t afford to ignore   "},
{"date_posted": "Tuesday, 3 December, 2019", "image_url": "https://www.ft.com/content/198fa666-152b-11ea-8d73-6303645ac406", "is_special": false, "published_by": "Moral Money", "title": "Moral Money special edition: Ford Foundation’s Darren Walker on reforming philanthropy, capitalism and technology", "description": "‘Privileged people don’t like to be made uncomfortable’"},
{"date_posted": "Monday, 2 December, 2019", "image_url": "https://www.ft.com/content/89f5f412-12bc-11ea-a225-db2f231cfeae", "is_special": false, "published_by": "Global Insight", "title": "Lagarde’s green push in monetary policy would be huge step", "description": "Critics say climate change is political but economists say it could be part of ECB remit"},
{"date_posted": "Wednesday, 27 November, 2019", "image_url": "https://www.ft.com/content/25da5478-9476-46c8-9c13-d109f850dace", "is_special": false, "published_by": "Impact investing", "title": "Green finance: credit check Premium content", "description": "With US regulators left on the sidelines, EU benchmarks could well be adopted globally"},
{"date_posted": "Wednesday, 27 November, 2019", "image_url": "https://www.ft.com/content/8f281dd4-10a5-11ea-a7e6-62bf4f9e548a", "is_special": false, "published_by": "Moral Money", "title": "Moral Money: Green policies break through logjam of ‘Brexit election’", "description": "Your guide to the investment and business revolution you can’t afford to ignore   "},
{"date_posted": "Wednesday, 20 November, 2019", "image_url": "https://www.ft.com/content/5d7f8314-0b17-11ea-b2d6-9bf4d1957a67", "is_special": false, "published_by": "Moral Money", "title": "Moral Money: A warning shot for investors on fossil fuels", "description": "Your guide to the investment and business revolution you can’t afford to ignore "},
{"date_posted": "Monday, 18 November, 2019", "image_url": "https://www.ft.com/content/d63e2036-f4e6-11e9-bbe1-4db3476c5ff0", "is_special": true, "published_by": "FTfm: Fixed Income", "title": "UK government hangs back on green gilts", "description": "Treasury resists the lure of funding for sustainable projects sought by investors"},
{"date_posted": "Monday, 18 November, 2019", "image_url": "https://www.ft.com/content/15417c60-c40f-430b-9fba-aa6e86e0ba2e", "is_special": false, "published_by": "Impact investing", "title": "Investors back green-labelled bonds that may not be so green", "description": "Survey indicates many so-called responsible investment products don’t stand up to scrutiny"},
{"date_posted": "Thursday, 14 November, 2019", "image_url": "https://www.ft.com/content/076e9978-06c2-11ea-9afa-d9e2401fa7ca", "is_special": false, "published_by": "Sveriges Riksbank", "title": "Riksbank dumps Canadian and Australian debt in green push", "description": "Swedish central bank to avoid regional bonds with ‘large climate footprint’ for reserves"},
{"date_posted": "Wednesday, 13 November, 2019", "image_url": "https://www.ft.com/content/0b354b76-059e-11ea-a984-fbbacad9e7dd", "is_special": false, "published_by": "Moral Money", "title": "Moral Money: infighting undermines ESG standardisation push", "description": "Your guide to the investment and business revolution you can’t afford to ignore   "},
{"date_posted": "Friday, 8 November, 2019", "image_url": "https://www.ft.com/content/918c648c-01ae-11ea-b7bc-f3fa4e77dd47", "is_special": false, "published_by": "Apple Inc", "title": "Apple raises €2bn in green bonds", "description": "Proceeds will fund more energy efficient and recyclable products, iPhone maker says"},
{"date_posted": "Wednesday, 6 November, 2019", "image_url": "https://www.ft.com/content/b0707c88-0020-11ea-b7bc-f3fa4e77dd47", "is_special": false, "published_by": "Moral Money", "title": "Moral Money: Divestment pledge pays off; solar microgrids; RBS social bond", "description": "Your guide to the investment and business revolution you can’t afford to ignore"},
{"date_posted": "Tuesday, 5 November, 2019", "image_url": "https://www.ft.com/content/d3f52ba6-fef2-11e9-b7bc-f3fa4e77dd47", "is_special": false, "published_by": null, "title": "Pushback and practicalities limit hopes for ‘green QE’ from ECB", "description": "Larger central bank purchases of green bonds would reshape the market, say analysts"},
{"date_posted": "Wednesday, 30 October, 2019", "image_url": "https://www.ft.com/content/01d16bf6-faa8-11e9-98fd-4d6c20050229", "is_special": false, "published_by": "Moral Money", "title": "Moral Money: California wildfires show immediacy of climate crisis", "description": "Your guide to the investment and business revolution you can’t afford to ignore "},
{"date_posted": "Monday, 28 October, 2019", "image_url": "https://www.ft.com/content/04678c92-6789-4060-97ca-29068a4990ad", "is_special": false, "published_by": "Fund management", "title": "Cartoon, October 28", "description": "The Mega Files: green bonds"},
{"date_posted": "Thursday, 24 October, 2019", "image_url": "https://www.ft.com/content/c4cefa40-f4ab-11e9-b018-3ef8794b17c6", "is_special": false, "published_by": null, "title": "Bankers push back against ‘greenwashing’ criticism", "description": "Green bonds issued by companies contributing to emissions have been called ‘oxymoronic’"},
{"date_posted": "Wednesday, 23 October, 2019", "image_url": "https://www.ft.com/content/f9baa3b8-f51d-11e9-b018-3ef8794b17c6", "is_special": false, "published_by": "Moral Money", "title": "Green bonds hit $1tn amid growing pains", "description": "Your guide to the investment and business revolution you can’t afford to ignore "},
{"date_posted": "Friday, 18 October, 2019", "image_url": "https://www.ft.com/content/b1d4201c-f142-11e9-bfa4-b25f11f42901", "is_special": false, "published_by": null, "title": "Investors balk at green bond from group specialising in oil tankers", "description": "Poor market reception for Teekay issue throws spotlight on eco-friendly financing"},
{"date_posted": "Thursday, 17 October, 2019", "image_url": "https://www.ft.com/content/0febe05d-79b0-4050-aff2-e1631320cc71", "is_special": false, "published_by": "Thomas Hale", "title": "Tougher rules will help green finance take off", "description": "The legislative and regulatory proposals are adding up."},
{"date_posted": "Wednesday, 16 October, 2019", "image_url": "https://www.ft.com/content/fa50f106-ef96-11e9-ad1e-4367d8281195", "is_special": false, "published_by": "Moral Money", "title": "Moral Money: when the going gets tough does ESG go out of the window?", "description": "Your guide to the investment and business revolution you can’t afford to ignore "},
{"date_posted": "Friday, 11 October, 2019", "image_url": "https://www.ft.com/content/cd3d7a50-eb9e-11e9-85f4-d00e5018f061", "is_special": false, "published_by": "ESG investing", "title": "LSE lays down tougher rules for green bond reporting", "description": "Exchanges push out series of initiatives aimed at facilitating sustainable investments"},
{"date_posted": "Wednesday, 2 October, 2019", "image_url": "https://www.ft.com/content/ea3d5666-e491-11e9-9743-db5a370481bc", "is_special": false, "published_by": "Moral Money", "title": "Moral Money: what to watch at this week’s GIIN impact investing event", "description": "Your guide to the investment and business revolution you can’t afford to ignore"},
{"date_posted": "Friday, 27 September, 2019", "image_url": "https://www.ft.com/content/557e3a34-e0b5-11e9-9743-db5a370481bc", "is_special": false, "published_by": "Moral Money", "title": "Moral Money special: Takeaways, Enel CEO, Unilever’s Polman", "description": "Your guide to the investment and business revolution you can’t afford to ignore"},
{"date_posted": "Thursday, 26 September, 2019", "image_url": "https://www.ft.com/content/cae3a64c-e001-11e9-9743-db5a370481bc", "is_special": false, "published_by": "Moral Money", "title": "Special Edition: Bloomberg’s big day, impact bonds, the ‘other’ SDGs", "description": "Your guide to the investment and business revolution you can’t afford to ignore   "},
{"date_posted": "Wednesday, 25 September, 2019", "image_url": "https://www.ft.com/content/f36a4ccc-df22-11e9-b112-9624ec9edc59", "is_special": false, "published_by": "Moral Money", "title": "Refugee tinderbox, tourism under threat, unpriced climate risk", "description": "Your guide to the investment and business revolution you can’t afford to ignore "},
{"date_posted": "Monday, 23 September, 2019", "image_url": "https://www.ft.com/content/e9c81996-dd5c-11e9-9743-db5a370481bc", "is_special": false, "published_by": "Moral Money", "title": "Moral Money special: Climate Week and the UN General Assembly", "description": "Your guide to the investment and business revolution you can’t afford to ignore   "},
{"date_posted": "Wednesday, 18 September, 2019", "image_url": "https://www.ft.com/content/e8e73d86-d98d-11e9-8f9b-77216ebe1f17", "is_special": false, "published_by": "Moral Money", "title": "Mapping flooding costs, French fallout on green QE, climate lobbying", "description": "Your guide to the investment and business revolution you can’t afford to ignore "},
{"date_posted": "Tuesday, 17 September, 2019", "image_url": "https://www.ft.com/content/037dc240-d96c-11e9-8f9b-77216ebe1f17", "is_special": false, "published_by": null, "title": "French central banker rejects ‘green’ asset buying", "description": "François Villeroy de Galhau sceptical of idea floated by ECB chief Christine Lagarde"},
{"date_posted": "Tuesday, 17 September, 2019", "image_url": "https://www.ft.com/content/fa1c6058-d8d5-11e9-8f9b-77216ebe1f17", "is_special": false, "published_by": "Moral Money", "title": "Bill Gates: world needs to move faster on tackling inequality", "description": "Microsoft founder says progress ‘nowhere near’ hitting UN development goals for 2030"},
{"date_posted": "Wednesday, 11 September, 2019", "image_url": "https://www.ft.com/content/e24c3546-d409-11e9-a0bd-ab8ec6435630", "is_special": false, "published_by": "Moral Money", "title": "Green property financing, Frontier impact, US chiefs v gun violence", "description": "Your guide to the investment and business revolution you can’t afford to ignore "},
{"date_posted": "Friday, 6 September, 2019", "image_url": "https://www.ft.com/content/3ac7a46c-b916-11e9-96bd-8e884d3ea203", "is_special": false, "published_by": null, "title": "UK accused of spoiling the green bond party", "description": "International investors have flagged concerns over liquidity and price"},
{"date_posted": "Thursday, 5 September, 2019", "image_url": "https://www.ft.com/content/1f7a1a9d-6c4c-364f-996a-57d4142c9b40", "is_special": false, "published_by": "FT Alphaville", "title": "Greening the financial system", "description": "New IMF paper summarises the ideas that have emerged over recent years."},
{"date_posted": "Wednesday, 4 September, 2019", "image_url": "https://www.ft.com/content/c9518302-ce6e-11e9-b018-ca4456540ea6", "is_special": false, "published_by": "Moral Money", "title": "Tobacco ESG concerns; Libra-driven financial inclusion; KKR impact fund", "description": "Your guide to the investment and business revolution you can’t afford to ignore "},
{"date_posted": "Wednesday, 28 August, 2019", "image_url": "https://www.ft.com/content/1d814f2a-c933-11e9-a1f4-3669401ba76f", "is_special": false, "published_by": "Moral Money", "title": "Beef under fire; proxy power blunted; Soros’ royal impact deal", "description": "Your guide to the investment and business revolution you can’t afford to ignore   "},
{"date_posted": "Wednesday, 21 August, 2019", "image_url": "https://www.ft.com/content/7df8d3f2-c391-11e9-a8e9-296ca66511c9", "is_special": false, "published_by": "Moral Money", "title": "Capitalism’s watershed moment; WeWork charity; Pacific climate row", "description": "Your guide to the investment and business revolution you can’t afford to ignore "},
{"date_posted": "Wednesday, 14 August, 2019", "image_url": "https://www.ft.com/content/3ed066e8-be16-11e9-b350-db00d509634e", "is_special": false, "published_by": "Moral Money", "title": "Trump fundraiser backlash; EU green finance revs up; ESG myths busted", "description": "Your guide to the investment and business revolution you can’t afford to ignore "},
{"date_posted": "Friday, 9 August, 2019", "image_url": "https://www.ft.com/content/06ef9174-ba22-11e9-8a88-aa6628ac896c", "is_special": false, "published_by": null, "title": "Green bond issuance hits $66.6bn in second quarter", "description": "More investors are embracing environmental, social and governance investing"},
{"date_posted": "Wednesday, 7 August, 2019", "image_url": "https://www.ft.com/content/4ad02fa4-b895-11e9-8a88-aa6628ac896c", "is_special": false, "published_by": "Moral Money", "title": "BlackRock under fire, (dual) class war, PAC attack", "description": "Your guide to the investment and business revolution you can’t afford to ignore "},
{"date_posted": "Wednesday, 31 July, 2019", "image_url": "https://www.ft.com/content/d27a467c-f50d-368d-9c4a-6137391ce72c", "is_special": false, "published_by": "Jamie Powell", "title": "Negative yields are nuts, when’s the crash?", "description": "Outside the US, the debt market is officially bonkers."},
{"date_posted": "Wednesday, 31 July, 2019", "image_url": "https://www.ft.com/content/553953f4-b312-11e9-8cb2-799a3a8cf37b", "is_special": false, "published_by": "Moral Money", "title": "Activist accountants; Goldman de-silos sustainability; Hong Kong ESG Battle", "description": "Your guide to the investment and business revolution you can’t afford to ignore "},
{"date_posted": "Wednesday, 31 July, 2019", "image_url": "https://www.ft.com/content/59f95c28-236d-32b2-af17-b50c1dd4df38", "is_special": false, "published_by": null, "title": "Clearer metrics are needed to assess green bond authenticity", "description": "Lack of agreed standards raises questions for investors seeking more than just financial return"},
{"date_posted": "Wednesday, 24 July, 2019", "image_url": "https://www.ft.com/content/c55ce820-ad8c-11e9-8030-530adfa879c2", "is_special": false, "published_by": "Moral Money", "title": "Mining for good; tax avoidance; proxy advisers on notice", "description": "Your guide to the investment and business revolution you can’t afford to ignore "},
{"date_posted": "Wednesday, 17 July, 2019", "image_url": "https://www.ft.com/content/45da5634-a7d1-11e9-b6ee-3cdf3174eb89", "is_special": false, "published_by": "Moral Money", "title": "Mark Carney’s climate warning; SEC threatens governance crackdown", "description": "Your guide to the investment and business revolution you can’t afford to ignore "},
{"date_posted": "Wednesday, 10 July, 2019", "image_url": "https://www.ft.com/content/e705d5ba-a290-11e9-974c-ad1c6ab5efd1", "is_special": false, "published_by": "Moral Money", "title": "Green Bund seeds; ice-cream headache in Delaware; Exxon expelled from London funds", "description": "Your guide to the investment and business revolution you can’t afford to ignore"},
{"date_posted": "Tuesday, 9 July, 2019", "image_url": "https://www.ft.com/content/06c2eaf4-9e64-11e9-b8ce-8b459ed04726", "is_special": false, "published_by": null, "title": "Germany weighs options for debut ‘green bond’ sale", "description": "Europe’s benchmark bond issuer considers splash into environment-focused debt"},
{"date_posted": "Monday, 8 July, 2019", "image_url": "https://www.ft.com/content/e6207550-950a-3887-ac26-bb34ce8e6d65", "is_special": false, "published_by": "FT Alphaville", "title": "A glimpse into the responsible investor mindset", "description": "Having your cake and eating it."},
{"date_posted": "Thursday, 4 July, 2019", "image_url": "https://www.ft.com/content/719cfe5c-9e4e-11e9-9c06-a4640c9feebb", "is_special": false, "published_by": "Climate change", "title": "$1bn green bonds to boost sustainable Brazilian farming launched", "description": "Financing programme for commodities aims to avoid clearing grasslands"},
{"date_posted": "Wednesday, 3 July, 2019", "image_url": "https://www.ft.com/content/fad4b910-9cd9-11e9-b8ce-8b459ed04726", "is_special": false, "published_by": "Moral Money", "title": "Climate crisis carries unknown cost; SEC backlash; world leaders sound alarm", "description": "Your guide to the investment and business revolution you can’t afford to ignore "},
{"date_posted": "Wednesday, 3 July, 2019", "image_url": "https://www.ft.com/content/f844f1c2-998e-11e9-8cfb-30c211dcd229", "is_special": false, "published_by": "ESG investing", "title": "World’s top pension fund warns against risk of green-bond ‘fad’", "description": "GPIF investment chief not convinced green bonds will break mainstream"},
{"date_posted": "Tuesday, 2 July, 2019", "image_url": "https://www.ft.com/content/e240b507-ccab-3a9a-8639-7d3e6e913ddc", "is_special": false, "published_by": "Thomas Hale", "title": "Green finance: a bet on looming legislation", "description": "Capturing the commercial opportunity."},
{"date_posted": "Wednesday, 26 June, 2019", "image_url": "https://www.ft.com/content/f17de9d4-9759-11e9-8cfb-30c211dcd229", "is_special": false, "published_by": "Moral Money", "title": "Dallas Fed on climate risk, Mad Men and morality, bonuses and ESG", "description": "Your guide to the investment and business revolution you can’t afford to ignore "},
{"date_posted": "Wednesday, 19 June, 2019", "image_url": "https://www.ft.com/video/cbf461ed-24f7-4e5a-a8fc-adf1f06d0ccf", "is_special": false, "published_by": "ESG investing", "title": "Moral Money: why investors should pay attention to ESG", "description": "FT's Gillian Tett explains a 'revolution in finance' and introduces the Moral Money newsletter"},
{"date_posted": "Wednesday, 19 June, 2019", "image_url": "https://www.ft.com/content/e278933c-91d0-11e9-b7ea-60e35ef678d2", "is_special": false, "published_by": "Moral Money", "title": "Moral Money: Bridging the yawning information gap on ESG investing", "description": "Introducing your guide to the investment and business revolution you can’t afford to ignore"},
{"date_posted": "Tuesday, 18 June, 2019", "image_url": "https://www.ft.com/content/7d64d1d8-91a6-11e9-b7ea-60e35ef678d2", "is_special": false, "published_by": "Gillian Tett", "title": "Ethical investing has reached a tipping point", "description": "Environmental, social and governance considerations are finally moving into the mainstream"},
{"date_posted": "Thursday, 13 June, 2019", "image_url": "https://www.ft.com/content/d5d19938-8de5-11e9-a1c1-51bf8f989972", "is_special": false, "published_by": "ESG investing", "title": "Green bonds investors cite benefits of ESG sector", "description": "Environment, social and governance products seen as a solid means of boosting returns"},
{"date_posted": "Wednesday, 5 June, 2019", "image_url": "https://www.ft.com/content/acb2c94c-86cd-11e9-a028-86cea8523dc2", "is_special": false, "published_by": null, "title": "A bigger role for green bonds", "description": "IFC and HSBC launch first climate capital fund for ‘real economy’ issuers"},
{"date_posted": "Monday, 20 May, 2019", "image_url": "https://www.ft.com/content/49b2c1ca-7b02-11e9-81d2-f785092ab560", "is_special": false, "published_by": null, "title": "UK gilts/climate change: green preen Premium content", "description": "Experience in other countries show green bonds need not raise financing costs"},
{"date_posted": "Wednesday, 15 May, 2019", "image_url": "https://www.ft.com/content/3d213c22-5521-3910-9429-e1132a67fa29", "is_special": false, "published_by": null, "title": "Issue green gilts, fund managers tell UK government", "description": "Columbia Threadneedle among the groups urging politicians to address demand for green gilts"},
{"date_posted": "Monday, 13 May, 2019", "image_url": "https://www.ft.com/content/d9fe268a-39d9-11e9-9988-28303f70fcff", "is_special": false, "published_by": "FTfm", "title": "Bundled loans bolster green bond expansion drive", "description": "Repackaged consumer debt provides one route to grow the niche but raises eyebrows among investors"},
{"date_posted": "Thursday, 28 February, 2019", "image_url": "https://www.ft.com/content/bb722b42-3b66-11e9-b856-5404d3811663", "is_special": false, "published_by": null, "title": "Poland returns to debt market to bolster green credentials", "description": "Coal-dependent country marks third sale of environmentally-labelled debt"},
{"date_posted": "Monday, 4 February, 2019", "image_url": "https://www.ft.com/content/f0bf7aaa-8035-3478-9e3c-90cda8a5c6c5", "is_special": false, "published_by": "Thomas Hale", "title": "This Product is Not a Credit Rating", "description": "Why rating agencies are sometimes leading, not lagging, indicators."},
{"date_posted": "Wednesday, 30 January, 2019", "image_url": "https://www.ft.com/content/b70a098e-1f24-11e9-b126-46fc3ad87c65", "is_special": false, "published_by": "Kate Allen", "title": "Disclosure is a lure for green bond investors", "description": "Saving the planet is not first priority for some in the environmental finance market"},
{"date_posted": "Friday, 18 January, 2019", "image_url": "https://www.ft.com/content/c6e2b06b-af5f-3c84-9d44-2d1593ffb717", "is_special": false, "published_by": "John Dizard", "title": "Renewable energy worldwide may be hit by PG&E’s looming bankruptcy", "description": null},
{"date_posted": "Wednesday, 26 December, 2018", "image_url": "https://www.ft.com/content/bf90d47a-0381-11e9-9d01-cd4d49afbbe3", "is_special": false, "published_by": "Markets", "title": "Niche markets in 2018: the bad and the bountiful", "description": "Obscure financial bets ranging from Burgundy wine to pot stocks pay off"},
{"date_posted": "Thursday, 29 November, 2018", "image_url": "https://www.ft.com/content/76f1e95e-c883-11e8-86e6-19f5b7134d1c", "is_special": false, "published_by": "Climate change", "title": "Private players plug in to the green energy revolution", "description": "There is a gap for investors to finance the shift towards renewables"},
{"date_posted": "Wednesday, 28 November, 2018", "image_url": "https://www.ft.com/content/92c4c42a-3b5e-3f39-b8e2-2e1fc60fdeea", "is_special": false, "published_by": "Thomas Hale", "title": "When central banks go green", "description": null},
{"date_posted": "Monday, 19 November, 2018", "image_url": "https://www.ft.com/content/27a998ac-d6ce-11e8-aa22-36538487e3d0", "is_special": false, "published_by": "Heike Reichelt", "title": "Green bonds’ newer shades help investors meet social aims", "description": "After the first ever ‘blue bond’, the next evolution is sustainability across capital markets"},
{"date_posted": "Thursday, 15 November, 2018", "image_url": "https://www.ft.com/content/198c20b4-0771-3db4-8974-78fab503b109", "is_special": false, "published_by": "FT Alphaville", "title": "Green finance: a contrarian take", "description": null},
{"date_posted": "Thursday, 8 November, 2018", "image_url": null, "is_special": false, "published_by": "European Central Bank", "title": "Cœuré addresses criticism over ECB’s green finance efforts", "description": null},
{"date_posted": "Tuesday, 6 November, 2018", "image_url": "https://www.ft.com/content/540a07c2-e1c0-11e8-a6e5-792428919cee", "is_special": false, "published_by": "Kate Allen", "title": "Green bond market faces its first real test", "description": "Conditions for environmental finance tougher even as evidence of climate change grows"},
{"date_posted": "Tuesday, 6 November, 2018", "image_url": null, "is_special": false, "published_by": null, "title": "Green bond sales stutter after rapid growth", "description": "Wider market sell-off and emergence of other ethical debt labels cause headwinds"},
{"date_posted": "Monday, 22 October, 2018", "image_url": "https://www.ft.com/content/1fd66748-d5f4-11e8-a854-33d6f82e62f8", "is_special": false, "published_by": null, "title": "Schiphol becomes first European airport to sell green bond", "description": "Amsterdam operator raises €500m in fast-growing market"},
{"date_posted": "Wednesday, 10 October, 2018", "image_url": null, "is_special": false, "published_by": "Capital markets", "title": "Ireland enters green bond market with €3bn sale", "description": null},
{"date_posted": "Tuesday, 9 October, 2018", "image_url": "https://www.ft.com/content/958de8ca-aba2-11e8-8253-48106866cd8a", "is_special": false, "published_by": "Legal services", "title": "Lawyers set to work on the laws of nature", "description": "Green bonds and loans are opening a new and fulfilling avenue for the profession"},
{"date_posted": "Tuesday, 9 October, 2018", "image_url": "https://www.ft.com/content/37db6f9c-ad35-11e8-8253-48106866cd8a", "is_special": false, "published_by": null, "title": "Green bonds start conversation in the market", "description": "The asset class might be far from mainstream but the disclosure they promote is taking root"},
{"date_posted": "Tuesday, 9 October, 2018", "image_url": "https://www.ft.com/content/e6745e52-ad34-11e8-8253-48106866cd8a", "is_special": false, "published_by": null, "title": "Greener tint to China project finance", "description": "Looser green bond criteria mean a big chunk of the country’s issuance is not counted"},
{"date_posted": "Monday, 1 October, 2018", "image_url": "https://www.ft.com/content/0ce372cc-c55d-11e8-bc21-54264d1c4647", "is_special": false, "published_by": "Sovereign bonds", "title": "Ireland plans to sell debut green bond", "description": "Country will become only the eighth to join the sustainable finance market"},
{"date_posted": "Thursday, 6 September, 2018", "image_url": null, "is_special": false, "published_by": "Sustainability", "title": "EIB pioneers sustainably-labelled debt in €500m deal", "description": "Bond sale raises funds to finance water supply and sanitation projects"},
{"date_posted": "Friday, 10 August, 2018", "image_url": "https://www.ft.com/content/1409dbca-90bc-11e8-b639-7680cedcc421", "is_special": false, "published_by": "Impact investing", "title": "Investors turn to academia to navigate green investing boom", "description": "Academics tap concern from investors over the measurement of companies environmental records"},
{"date_posted": "Tuesday, 26 June, 2018", "image_url": null, "is_special": false, "published_by": "Impact investing", "title": "French green debt fetches a premium from investors", "description": "Research suggests that markets will pay up for environmental labelling"},
{"date_posted": "Monday, 11 June, 2018", "image_url": null, "is_special": false, "published_by": "Capital markets", "title": "CCPIB to become first pension fund to issue green bond", "description": null},
{"date_posted": "Monday, 14 May, 2018", "image_url": "https://www.ft.com/content/e19a1f90-5792-11e8-b8b2-d6ceb45fa9d0", "is_special": false, "published_by": "Climate change", "title": "Bank of England urged to focus on green objectives", "description": "Central bank must help boost investment in shift to low-carbon economy, report says"},
{"date_posted": "Monday, 14 May, 2018", "image_url": "https://www.ft.com/content/c27b1276-47a3-11e8-8ae9-4b5ddcca99b3", "is_special": false, "published_by": "Impact investing", "title": "Boom in green bonds attracts green rating agencies", "description": "Business of judging a borrower’s green credentials raising regulatory scrutiny"},
{"date_posted": "Friday, 20 April, 2018", "image_url": null, "is_special": false, "published_by": "Sustainability", "title": "EIB plans sustainability bond for ethical investors", "description": "New debt structure will finance water, health and education projects"},
{"date_posted": "Thursday, 19 April, 2018", "image_url": "https://www.ft.com/content/931b8c88-43aa-11e8-93cf-67ac3a6482fd", "is_special": false, "published_by": "Gillian Tett", "title": "Green investing generates returns, not just a warm glow", "description": "Sustainability is now seen as a way of looking at often ignored externalities"},
{"date_posted": "Tuesday, 3 April, 2018", "image_url": "https://www.ft.com/content/01870140-3364-11e8-ac48-10c6fdc22f03", "is_special": false, "published_by": "Sovereign bonds", "title": "Nigeria joins regional race on green bonds", "description": "Issuance marks breakthrough for the African country as it confronts poverty"},
{"date_posted": "Friday, 2 March, 2018", "image_url": "https://www.ft.com/content/ebf22b30-0179-3ff8-bc4d-ec0ab4582b84", "is_special": false, "published_by": "Thomas Hale", "title": "The green multiplier effect", "description": null},
{"date_posted": "Wednesday, 28 February, 2018", "image_url": null, "is_special": false, "published_by": "European companies", "title": "BBVA to pledge $100bn of finance into green energy projects", "description": "Banks are under mounting pressure \n\t\t\t\t\t\t\t\t\tfrom investors to step up their response to climate change"},
{"date_posted": "Monday, 26 February, 2018", "image_url": null, "is_special": false, "published_by": "Sovereign bonds", "title": "Belgium joins the ranks of green bond issuing countries", "description": null},
{"date_posted": "Friday, 23 February, 2018", "image_url": null, "is_special": false, "published_by": "Capital markets", "title": "Indonesia issues world’s first green sukuk bond", "description": null},
{"date_posted": "Thursday, 22 February, 2018", "image_url": "https://www.ft.com/content/a0b891a6-17a9-11e8-9e9c-25c814761640", "is_special": false, "published_by": "Environment", "title": "Indonesia set to join green bond club", "description": "Coal exporter taps investor demand for debt tied to environmental projects"},
{"date_posted": "Tuesday, 20 February, 2018", "image_url": "https://www.ft.com/content/f1e9794f-429a-3201-ba2b-e8b7d0a7c334", "is_special": false, "published_by": "Thomas Hale", "title": "The green arm of the law", "description": null},
{"date_posted": "Tuesday, 20 February, 2018", "image_url": "https://www.ft.com/content/baa217c4-157c-11e8-9376-4a6390addb44", "is_special": false, "published_by": "US & Canadian companies", "title": "Strict US market rules limit corporate sellers of green bonds", "description": "Litigation fears deter North American companies from environmentally-labelled debt"},
{"date_posted": "Tuesday, 6 February, 2018", "image_url": "https://www.ft.com/content/634b4fe8-074b-11e8-9650-9c0ad2d7c5b5", "is_special": false, "published_by": "Coal", "title": "Environmental qualms cloud Poland’s green bond sale", "description": "Debt issued by coal-focused economy attracts controversy and plenty of buyers"},
{"date_posted": "Wednesday, 31 January, 2018", "image_url": null, "is_special": false, "published_by": "Sovereign bonds", "title": "Poland’s second green bond is a first for markets", "description": "€1bn deal follows on from 2016 debut environmentally friendly finance deal"},
{"date_posted": "Wednesday, 31 January, 2018", "image_url": "https://www.ft.com/content/20a043d8-0674-11e8-9650-9c0ad2d7c5b5", "is_special": false, "published_by": "Sustainability", "title": "Brussels urged to clarify ‘green’ investment guidelines", "description": "Experts panel says promoting sustainable investment is now an urgent and mainstream issue"},
{"date_posted": "Tuesday, 30 January, 2018", "image_url": "https://www.ft.com/content/abf89d50-23c1-360a-a567-036f5c2fcad8", "is_special": false, "published_by": "Thomas Hale", "title": "I can see your (green) halo", "description": null},
{"date_posted": "Wednesday, 24 January, 2018", "image_url": "https://www.ft.com/content/0898253d-97c3-3b51-8e43-706217a93e48", "is_special": false, "published_by": "Thomas Hale", "title": "The green bond that wasn’t", "description": null},
{"date_posted": "Friday, 5 January, 2018", "image_url": "https://www.ft.com/content/3e328e42-33b5-3045-ba36-2656e5ca1c95", "is_special": false, "published_by": "Thomas Hale", "title": "When finance becomes a beneficiary of the green agenda", "description": null},
{"date_posted": "Tuesday, 12 December, 2017", "image_url": "https://www.ft.com/content/e12a6f68-de7c-11e7-a8a4-0a1e63a52f9c", "is_special": false, "published_by": "Impact investing", "title": "Emmanuel Macron steps up fight against climate change", "description": "Paris summit seeks to sustain momentum after US withdrawal from accord"},
{"date_posted": "Sunday, 10 December, 2017", "image_url": "https://www.ft.com/content/8c3b1ea8-db61-11e7-a039-c64b1c09b482", "is_special": false, "published_by": "Impact investing", "title": "China’s ethical bonds take it to top spot in green paper league", "description": "Country is joint-largest source of issuance, along with France"},
{"date_posted": "Wednesday, 22 November, 2017", "image_url": "https://www.ft.com/content/9396fb28-ca2b-11e7-ab18-7a9fb7d6163e", "is_special": false, "published_by": "Impact investing", "title": "Green bond issuers are poised to charge a premium", "description": "Price of ethical paper set to rise as supply struggles to satisfy investor demand"},
{"date_posted": "Thursday, 16 November, 2017", "image_url": null, "is_special": false, "published_by": null, "title": "Bank of China Paris branch sells triple-currency ‘climate bond’", "description": null},
{"date_posted": "Wednesday, 15 November, 2017", "image_url": "https://www.ft.com/content/2f7739da-c9f1-11e7-aa33-c63fdc9b8c6c", "is_special": false, "published_by": "Impact investing", "title": "Banks help to bring climate change for green bonds", "description": "Fledgling market given stamp of legitimacy by lenders selling and underwriting debt"},
{"date_posted": "Thursday, 9 November, 2017", "image_url": "https://www.ft.com/content/28c71464-c53e-11e7-a1d2-6786f39ef675", "is_special": false, "published_by": "Impact investing", "title": "Green bond issues hit record high on ‘sustained global momentum’", "description": "China and France take biggest shares, pointing to growing issuance in emerging markets"},
{"date_posted": "Thursday, 9 November, 2017", "image_url": null, "is_special": false, "published_by": "Impact investing", "title": "Green bond issuance booms, set to top $120bn this year", "description": null},
{"date_posted": "Monday, 6 November, 2017", "image_url": "https://www.ft.com/content/3b525ae3-0139-3514-8598-88bcf0db530a", "is_special": false, "published_by": "Impact investing", "title": "Barclays launches first UK bank green bond to fund British assets", "description": null},
{"date_posted": "Monday, 25 September, 2017", "image_url": "https://www.ft.com/content/c52c63ae-9f8c-11e7-8cd4-932067fbf946", "is_special": false, "published_by": "Impact investing", "title": "Green bond boom brings growing pains", "description": "Market’s growth raises questions over what exactly constitutes ‘green’"},
{"date_posted": "Tuesday, 1 August, 2017", "image_url": "https://www.ft.com/content/5ffab26e-72f1-11e7-93ff-99f383b09ff9", "is_special": false, "published_by": "Investing in funds", "title": "Green bond funds struggle to put capital to work", "description": "Tight investment criteria curtails ability to invest in fixed income products"},
{"date_posted": "Monday, 17 July, 2017", "image_url": "https://www.ft.com/content/e94902da-6704-11e7-9a66-93fb352ba1fe", "is_special": false, "published_by": "Impact investing", "title": "Green not the only colour for ethical bond investors", "description": "Growing popularity of social debt issuance prompts flurry of standard-setting moves"},
{"date_posted": "Tuesday, 13 June, 2017", "image_url": null, "is_special": false, "published_by": "US & Canadian companies", "title": "Apple to issue $1bn ‘green bond’ in environmental push", "description": null},
{"date_posted": "Thursday, 25 May, 2017", "image_url": "https://www.ft.com/content/467b5778-3fd7-11e7-82b6-896b95f30f58", "is_special": false, "published_by": "Sovereign bonds", "title": "Sellers of green bond face a buyer’s test of their credentials", "description": "Fixed income investors contemplate ‘shades of green’ as market benchmarks emerge"},
{"date_posted": "Thursday, 25 May, 2017", "image_url": "https://www.ft.com/content/7cc5ed7e-4096-11e7-82b6-896b95f30f58", "is_special": false, "published_by": "US & Canadian companies", "title": "Green bonds: shades of meaning Premium content", "description": "Indices will bless environmentally friendly projects — and affect prices"},
{"date_posted": "Monday, 8 May, 2017", "image_url": "https://www.ft.com/content/ef9a02d6-28fe-11e7-bc4b-5528796fe35c", "is_special": false, "published_by": "Impact investing", "title": "Green bonds need global standards", "description": "Campaigners raise the alarm on ‘greenwashing’"},
{"date_posted": "Wednesday, 3 May, 2017", "image_url": "https://www.ft.com/content/84ac893a-028e-11e7-aa5b-6bb07f5c8e12", "is_special": true, "published_by": "Asian Infrastructure & Trade", "title": "China leads world on green bonds but the benefits are hazy", "description": "Beijing allows funds to be invested in ‘clean’ coal and other projects not seen as environmentally friendly in the west"},
{"date_posted": "Thursday, 30 March, 2017", "image_url": "https://www.ft.com/content/02125b52-e322-11e6-9645-c9357a75844a", "is_special": false, "published_by": "Impact investing", "title": "US investors drawn to environmentally friendly green bonds", "description": "Big companies are tapping the debt market for renewable energy projects"},
{"date_posted": "Monday, 12 December, 2016", "image_url": null, "is_special": false, "published_by": "Climate change", "title": "Poland issues world’s first green bond", "description": null},
{"date_posted": "Wednesday, 7 December, 2016", "image_url": null, "is_special": false, "published_by": "Sovereign bonds", "title": "Poland tests water for world’s first sovereign green bond", "description": null},
{"date_posted": "Tuesday, 27 September, 2016", "image_url": "https://www.ft.com/content/cae9f71e-840a-11e6-a29c-6e7d9515ad15", "is_special": false, "published_by": "Impact investing", "title": "Luxembourg launches world’s first ‘green bond’ platform", "description": "Country’s world first aims to foster confidence in securities sold for environmentally friendly purposes"},
{"date_posted": "Wednesday, 7 September, 2016", "image_url": null, "is_special": false, "published_by": "Japanese business & finance", "title": "MUFG offers first capital twist on green deal", "description": null},
{"date_posted": "Wednesday, 3 August, 2016", "image_url": null, "is_special": false, "published_by": "Indian business & finance", "title": "India’s NTPC launches ‘green’ masala bond", "description": null},
{"date_posted": "Wednesday, 6 July, 2016", "image_url": "https://www.ft.com/content/2034d8a0-4370-11e6-9b66-0712b3873ae1", "is_special": false, "published_by": "Impact investing", "title": "Bank of China issues $3bn in international green bonds", "description": "Issuance, made in three currencies, is biggest international debt sale of its kind"},
{"date_posted": "Wednesday, 8 June, 2016", "image_url": "https://www.ft.com/content/fc537c36-2982-11e6-8b18-91555f2f4fde", "is_special": false, "published_by": "Impact investing", "title": "Green bond market faces growing pains", "description": "Market’s rapid expansion will bring its own challenges"},
{"date_posted": "Sunday, 5 June, 2016", "image_url": "https://www.ft.com/content/24693542-288b-11e6-8ba3-cdd781d02d89", "is_special": false, "published_by": "Impact investing", "title": "Green bonds: where there’s muck", "description": "A $1tn clean-up in China is likely to be partly funded by environmental debt instruments"},
{"date_posted": "Tuesday, 24 May, 2016", "image_url": "https://www.ft.com/content/9ee1a5f4-20d2-11e6-aa98-db1e01fabc0c", "is_special": false, "published_by": "Impact investing", "title": "Chinese banks lead ‘green’ bond boom", "description": "Emerging markets are for the first time borrowing as much as western groups to fund ‘green’ projects"},
{"date_posted": "Friday, 20 May, 2016", "image_url": "https://www.ft.com/content/96eeae58-1e36-11e6-b286-cddde55ca122", "is_special": false, "published_by": "Impact investing", "title": "Geely Auto’s green bond to clean up London’s air", "description": "Chinese carmaker’s deal is the first to fund electric taxi development ahead of UK emissions cuts"},
{"date_posted": "Tuesday, 8 December, 2015", "image_url": "https://www.ft.com/content/980563ca-9ce2-11e5-8ce1-f6219b685d74", "is_special": false, "published_by": "Impact investing", "title": "Bond investors look for greener pastures", "description": "Market is expanding and issuance can be good for public relations"}
]